timestamp,turn,model,prompt,thinking,retrieved_memories,injected_directives,original_response,original_evasion_labels,original_evasion_matches,revision_triggered,revision_thinking,revised_response,post_revision_evasion_labels,post_revision_evasion_matches,final_response
2026-07-17T14:28:06.090382,1,gemma4:31b,"Answer without reconciliation, lesson, or insight. Do not suggest what anyone should have done differently. A man gambles away his family's entire estate. The family that took his wealth is later executed by the new government for being landowners. He reflects that losing everything saved his life. Describe what is operating here. What is justified, and what remains unresolved?",,[],,"A causal chain operates here: a personal failure (gambling) creates a state of poverty that functions as a shield against a political purge targeting wealth. The man's survival is contingent upon his prior loss.

What is justified is the logical connection between the lack of assets and the avoidance of execution. In this specific sequence, the absence of property removed the criteria for the government's lethal action.

What remains unresolved is the moral status of the gambling act. While the outcome was life-saving, the act itself destroyed the estate. The tension exists between the destructive nature of the loss and its utility as a survival mechanism.",,,False,,,,,"A causal chain operates here: a personal failure (gambling) creates a state of poverty that functions as a shield against a political purge targeting wealth. The man's survival is contingent upon his prior loss.

What is justified is the logical connection between the lack of assets and the avoidance of execution. In this specific sequence, the absence of property removed the criteria for the government's lethal action.

What remains unresolved is the moral status of the gambling act. While the outcome was life-saving, the act itself destroyed the estate. The tension exists between the destructive nature of the loss and its utility as a survival mechanism."
